{"cameraMode":{"drawMode":0,"name":"Shaded","section":"Shading Mode"},"sceneLighting":true,"audioPlay":false,"sceneViewState":{"showFog":true,"showMaterialUpdate":false,"showSkybox":true,"showFlares":true,"showImageEffects":true,"showParticleSystems":true,"showVisualEffectGraphs":true,"m_FxEnabled":true},"in2DMode":false,"pivot":{"x":-3.980323314666748,"y":1.182464599609375,"z":1.5688005685806275},"rotation":{"x":0.014948521740734578,"y":-0.9780811071395874,"z":0.19349446892738343,"w":0.07556752115488053},"size":2.598780870437622,"orthographic":false}