{"cameraMode":{"drawMode":0,"name":"Shaded","section":"Shading Mode"},"sceneLighting":true,"audioPlay":false,"sceneViewState":{"showFog":true,"showMaterialUpdate":false,"showSkybox":true,"showFlares":true,"showImageEffects":true,"showParticleSystems":true},"in2DMode":false,"pivot":{"x":10.493171691894532,"y":-5.653193473815918,"z":-3.6185293197631838},"rotation":{"x":-0.40448468923568728,"y":-0.3615918755531311,"z":0.17816662788391114,"w":-0.8209188580513},"size":23.61055564880371,"orthographic":false}