{"cameraMode":{"drawMode":0,"name":"Shaded","section":"Shading Mode"},"sceneLighting":false,"audioPlay":false,"sceneViewState":{"showFog":true,"showMaterialUpdate":false,"showSkybox":false,"showFlares":true,"showImageEffects":true,"showParticleSystems":true,"showVisualEffectGraphs":true,"m_FxEnabled":true},"in2DMode":false,"pivot":{"x":-0.7627243995666504,"y":0.7200000286102295,"z":2.2439732551574709},"rotation":{"x":0.014948521740734578,"y":-0.9780811071395874,"z":0.19349446892738343,"w":0.07556752115488053},"size":0.9279119968414307,"orthographic":false}